epoch,step,train_loss,val_loss
0,49,0.004310578107833862,
0,49,,0.005124961957335472
